"時点","地域コード","地域","総人口（総数）【人】","注記","完全失業率（男女計）【%】","注記","景気動向指数（一致）2020年基準","注記","国内総生産（支出側）（名目）2020年基準【10億円】","注記","県内総生産（名目）2015年基準【百万円】","注記"
"2000年1月","00000","全国","126746000","","4.6","","103.5","","","","",""
"2000年2月","00000","全国","126794000","","4.9","","104.5","","","","",""
"2000年3月","00000","全国","126714000","","5.2","","105.4","","","","",""
"2000年4月","00000","全国","126758000","","5.1","","106.4","","","","",""
"2000年5月","00000","全国","126737000","","4.8","","106.5","","","","",""
"2000年6月","00000","全国","126826000","","4.7","","107.7","","","","",""
"2000年7月","00000","全国","126843000","","4.5","","107.5","","","","",""
"2000年8月","00000","全国","126770000","","4.6","","108.9","","","","",""
"2000年9月","00000","全国","126837000","","4.7","","107.8","","","","",""
"2000年10月","00000","全国","126925843","総務省統計局「国勢調査」による。","4.6","","109.5","","","","",""
"2000年11月","00000","全国","126998000","","4.5","","109.7","","","","",""
"2000年12月","00000","全国","127027000","","4.4","","110.7","","","","",""
"2001年1月","00000","全国","126912000","","4.7","","108.0","","","","",""
"2001年2月","00000","全国","127050000","","4.8","","107.9","","","","",""
"2001年3月","00000","全国","126980000","","5.1","","106.4","","","","",""
"2001年4月","00000","全国","127052000","","5.1","","105.4","","","","",""
"2001年5月","00000","全国","127011000","","5.1","","104.0","","","","",""
"2001年6月","00000","全国","127125000","","5.0","","103.6","","","","",""
"2001年7月","00000","全国","127149000","","4.9","","102.2","","","","",""
"2001年8月","00000","全国","127069000","","5.0","","100.4","","","","",""
"2001年9月","00000","全国","127131000","","5.3","","99.0","","","","",""
"2001年10月","00000","全国","127316000","","5.2","","98.4","","","","",""
"2001年11月","00000","全国","127396000","","5.2","","97.5","","","","",""
"2001年12月","00000","全国","127397000","","5.0","","97.2","","","","",""
"2002年1月","00000","全国","127261000","","5.2","","97.3","","","","",""
"2002年2月","00000","全国","127343000","","5.4","","98.3","","","","",""
"2002年3月","00000","全国","127272000","","5.7","","99.0","","","","",""
"2002年4月","00000","全国","127371000","","5.6","","99.6","","","","",""
"2002年5月","00000","全国","127350000","","5.6","","102.2","","","","",""
"2002年6月","00000","全国","127418000","","5.5","","101.6","","","","",""
"2002年7月","00000","全国","127445000","","5.2","","102.1","","","","",""
"2002年8月","00000","全国","127362000","","5.4","","103.2","","","","",""
"2002年9月","00000","全国","127405000","","5.4","","103.7","","","","",""
"2002年10月","00000","全国","127486000","","5.4","","103.6","","","","",""
"2002年11月","00000","全国","127527000","","5.1","","104.3","","","","",""
"2002年12月","00000","全国","127564000","","5.0","","103.5","","","","",""
"2003年1月","00000","全国","127400000","","5.4","","104.1","","","","",""
"2003年2月","00000","全国","127563000","","5.3","","105.1","","","","",""
"2003年3月","00000","全国","127468000","","5.8","","105.1","","","","",""
"2003年4月","00000","全国","127623000","","5.8","","104.3","","","","",""
"2003年5月","00000","全国","127672000","","5.6","","104.9","","","","",""
"2003年6月","00000","全国","127733000","","5.3","","105.2","","","","",""
"2003年7月","00000","全国","127718000","","5.1","","105.7","","","","",""
"2003年8月","00000","全国","127643000","","5.0","","105.9","","","","",""
"2003年9月","00000","全国","127645000","","5.2","","107.8","","","","",""
"2003年10月","00000","全国","127694000","","5.1","","110.0","","","","",""
"2003年11月","00000","全国","127704000","","5.0","","109.4","","","","",""
"2003年12月","00000","全国","127750000","","4.5","","111.4","","","","",""
"2004年1月","00000","全国","127603000","","4.9","","112.9","","","","",""
"2004年2月","00000","全国","127739000","","5.0","","112.7","","","","",""
"2004年3月","00000","全国","127675000","","5.0","","112.8","","","","",""
"2004年4月","00000","全国","127736000","","5.0","","114.0","","","","",""
"2004年5月","00000","全国","127654000","","4.8","","113.9","","","","",""
"2004年6月","00000","全国","127768000","","4.6","","114.6","","","","",""
"2004年7月","00000","全国","127761000","","4.8","","116.0","","","","",""
"2004年8月","00000","全国","127703000","","4.7","","114.9","","","","",""
"2004年9月","00000","全国","127730000","","4.6","","115.0","","","","",""
"2004年10月","00000","全国","127787000","","4.7","","114.4","","","","",""
"2004年11月","00000","全国","127819000","","4.4","","115.8","","","","",""
"2004年12月","00000","全国","127838000","","4.1","","114.6","","","","",""
"2005年1月","00000","全国","127740000","","4.5","","115.6","","","","",""
"2005年2月","00000","全国","127793000","","4.7","","114.5","","","","",""
"2005年3月","00000","全国","127714000","","4.8","","115.7","","","","",""
"2005年4月","00000","全国","127791000","","4.7","","117.1","","","","",""
"2005年5月","00000","全国","127647000","","4.6","","115.9","","","","",""
"2005年6月","00000","全国","127780000","","4.2","","116.4","","","","",""
"2005年7月","00000","全国","127773000","","4.3","","115.8","","","","",""
"2005年8月","00000","全国","127729000","","4.2","","116.6","","","","",""
"2005年9月","00000","全国","127734000","","4.2","","116.9","","","","",""
"2005年10月","00000","全国","127767994","総務省統計局「国勢調査」による。","4.5","","117.3","","","","",""
"2005年11月","00000","全国","127792000","","4.4","","118.2","","","","",""
"2005年12月","00000","全国","127795000","","4.0","","118.9","","","","",""
"2006年1月","00000","全国","127781000","","4.5","","119.5","","","","",""
"2006年2月","00000","全国","127776000","","4.2","","119.9","","","","",""
"2006年3月","00000","全国","127761000","","4.4","","120.3","","","","",""
"2006年4月","00000","全国","127788000","","4.3","","120.8","","","","",""
"2006年5月","00000","全国","127777000","","4.1","","121.1","","","","",""
"2006年6月","00000","全国","127825000","","4.1","","121.3","","","","",""
"2006年7月","00000","全国","127854000","","4.0","","121.7","","","","",""
"2006年8月","00000","全国","127876000","","4.1","","122.1","","","","",""
"2006年9月","00000","全国","127862000","","4.2","","121.8","","","","",""
"2006年10月","00000","全国","127901000","","4.2","","122.3","","","","",""
"2006年11月","00000","全国","127925000","","3.9","","122.2","","","","",""
"2006年12月","00000","全国","127935000","","3.7","","122.1","","","","",""
"2007年1月","00000","全国","127925000","","4.0","","122.2","","","","",""
"2007年2月","00000","全国","127938000","","4.1","","122.3","","","","",""
"2007年3月","00000","全国","127908000","","4.2","","121.7","","","","",""
"2007年4月","00000","全国","127942000","","4.0","","122.7","","","","",""
"2007年5月","00000","全国","127925000","","3.8","","123.3","","","","",""
"2007年6月","00000","全国","127971000","","3.6","","123.0","","","","",""
"2007年7月","00000","全国","128001000","","3.5","","122.0","","","","",""
"2007年8月","00000","全国","128024000","","3.7","","123.3","","","","",""
"2007年9月","00000","全国","127997000","","4.0","","121.9","","","","",""
"2007年10月","00000","全国","128033000","","4.0","","122.8","","","","",""
"2007年11月","00000","全国","128047000","","3.7","","121.7","","","","",""
"2007年12月","00000","全国","128050000","","3.5","","121.9","","","","",""
"2008年1月","00000","全国","128026000","","3.9","","121.2","","","","",""
"2008年2月","00000","全国","128020000","","4.1","","121.4","","","","",""
"2008年3月","00000","全国","127992000","","4.1","","120.7","","","","",""
"2008年4月","00000","全国","128013000","","4.1","","119.8","","","","",""
"2008年5月","00000","全国","127999000","","4.0","","120.1","","","","",""
"2008年6月","00000","全国","128032000","","3.9","","117.5","","","","",""
"2008年7月","00000","全国","128063000","","3.8","","117.1","","","","",""
"2008年8月","00000","全国","128075000","","4.1","","113.4","","","","",""
"2008年9月","00000","全国","128043000","","4.1","","112.4","","","","",""
"2008年10月","00000","全国","128084000","","3.8","","108.8","","","","",""
"2008年11月","00000","全国","128098000","","3.9","","102.3","","","","",""
"2008年12月","00000","全国","128099000","","4.1","","96.5","","","","",""
"2009年1月","00000","全国","128069000","","4.2","","88.1","","","","",""
"2009年2月","00000","全国","128048000","","4.6","","83.5","","","","",""
"2009年3月","00000","全国","128013000","","5.1","","83.1","","","","",""
"2009年4月","00000","全国","128022000","","5.2","","84.6","","","","",""
"2009年5月","00000","全国","127996000","","5.2","","86.3","","","","",""
"2009年6月","00000","全国","128026000","","5.2","","87.9","","","","",""
"2009年7月","00000","全国","128047000","","5.4","","88.8","","","","",""
"2009年8月","00000","全国","128040000","","5.4","","90.7","","","","",""
"2009年9月","00000","全国","128002000","","5.5","","93.2","","","","",""
"2009年10月","00000","全国","128032000","","5.2","","95.3","","","","",""
"2009年11月","00000","全国","128055000","","5.0","","97.1","","","","",""
"2009年12月","00000","全国","128059000","","4.8","","98.7","","","","",""
"2010年1月","00000","全国","128032000","","4.9","","101.8","","","","",""
"2010年2月","00000","全国","128052000","","5.0","","102.5","","","","",""
"2010年3月","00000","全国","128003000","","5.3","","103.9","","","","",""
"2010年4月","00000","全国","128032000","","5.4","","105.0","","","","",""
"2010年5月","00000","全国","128011000","","5.2","","104.6","","","","",""
"2010年6月","00000","全国","128041000","","5.2","","105.2","","","","",""
"2010年7月","00000","全国","128070000","","5.0","","105.9","","","","",""
"2010年8月","00000","全国","128069000","","5.1","","106.1","","","","",""
"2010年9月","00000","全国","128028000","","5.1","","106.9","","","","",""
"2010年10月","00000","全国","128057352","総務省統計局「国勢調査」による。","5.0","","106.4","","","","",""
"2010年11月","00000","全国","128066000","","4.8","","108.4","","","","",""
"2010年12月","00000","全国","128058000","","4.6","","108.7","","","","",""
"2011年1月","00000","全国","128027000","","4.8","","108.5","","","","",""
"2011年2月","00000","全国","127994000","","4.6","","110.0","","","","",""
"2011年3月","00000","全国","127945000","","4.9","東日本大震災の影響により全国集計結果が存在しないため、補完推計値を用いた。","102.1","","","","",""
"2011年4月","00000","全国","127708000","","5.0","東日本大震災の影響により全国集計結果が存在しないため、補完推計値を用いた。","100.9","","","","",""
"2011年5月","00000","全国","127749000","","4.7","東日本大震災の影響により全国集計結果が存在しないため、補完推計値を用いた。","103.5","","","","",""
"2011年6月","00000","全国","127809000","","4.7","東日本大震災の影響により全国集計結果が存在しないため、補完推計値を用いた。","105.8","","","","",""
"2011年7月","00000","全国","127833000","","4.7","東日本大震災の影響により全国集計結果が存在しないため、補完推計値を用いた。","106.9","","","","",""
"2011年8月","00000","全国","127838000","","4.5","東日本大震災の影響により全国集計結果が存在しないため、補完推計値を用いた。","108.0","","","","",""
"2011年9月","00000","全国","127797000","","4.2","","108.8","","","","",""
"2011年10月","00000","全国","127834000","","4.4","","110.4","","","","",""
"2011年11月","00000","全国","127839000","","4.3","","108.9","","","","",""
"2011年12月","00000","全国","127831000","","4.2","","111.0","","","","",""
"2012年1月","00000","全国","127708000","","4.5","","111.1","","","","",""
"2012年2月","00000","全国","127678000","","4.4","","112.0","","","","",""
"2012年3月","00000","全国","127629000","","4.7","","113.3","","","","",""
"2012年4月","00000","全国","127625000","","4.8","","111.8","","","","",""
"2012年5月","00000","全国","127584000","","4.5","","111.6","","","","",""
"2012年6月","00000","全国","127611000","","4.4","","109.3","","","","",""
"2012年7月","00000","全国","127629000","","4.4","","108.7","","","","",""
"2012年8月","00000","全国","127625000","","4.2","","108.5","","","","",""
"2012年9月","00000","全国","127561000","","4.2","","107.1","","","","",""
"2012年10月","00000","全国","127593000","","4.1","","107.0","","","","",""
"2012年11月","00000","全国","127593000","","4.0","","106.4","","","","",""
"2012年12月","00000","全国","127575000","","4.0","","107.8","","","","",""
"2013年1月","00000","全国","127529000","","4.2","","108.0","","","","",""
"2013年2月","00000","全国","127501000","","4.2","","109.0","","","","",""
"2013年3月","00000","全国","127429000","","4.3","","110.7","","","","",""
"2013年4月","00000","全国","127450000","","4.4","","111.3","","","","",""
"2013年5月","00000","全国","127409000","","4.2","","112.8","","","","",""
"2013年6月","00000","全国","127428000","","3.9","","112.5","","","","",""
"2013年7月","00000","全国","127445000","","3.9","","113.5","","","","",""
"2013年8月","00000","全国","127445000","","4.1","","114.6","","","","",""
"2013年9月","00000","全国","127375000","","3.9","","115.3","","","","",""
"2013年10月","00000","全国","127414000","","4.0","","116.0","","","","",""
"2013年11月","00000","全国","127413000","","3.8","","117.1","","","","",""
"2013年12月","00000","全国","127399000","","3.4","","117.1","","","","",""
"2014年1月","00000","全国","127357000","","3.7","","118.6","","","","",""
"2014年2月","00000","全国","127315000","","3.6","","118.4","","","","",""
"2014年3月","00000","全国","127267000","","3.8","","120.4","","","","",""
"2014年4月","00000","全国","127270000","","3.9","","116.3","","","","",""
"2014年5月","00000","全国","127235000","","3.6","","116.8","","","","",""
"2014年6月","00000","全国","127254000","","3.7","","115.6","","","","",""
"2014年7月","00000","全国","127276000","","3.8","","116.2","","","","",""
"2014年8月","00000","全国","127270000","","3.5","","115.4","","","","",""
"2014年9月","00000","全国","127197000","","3.5","","116.9","","","","",""
"2014年10月","00000","全国","127237000","","3.5","","116.6","","","","",""
"2014年11月","00000","全国","127240000","","3.3","","116.0","","","","",""
"2014年12月","00000","全国","127225000","","3.2","","116.2","","","","",""
"2015年1月","00000","全国","127177000","","3.5","","118.2","","","","",""
"2015年2月","00000","全国","127158000","","3.5","","116.7","","","","",""
"2015年3月","00000","全国","127066000","","3.5","","116.0","","","","",""
"2015年4月","00000","全国","127112000","","3.6","","117.2","","","","",""
"2015年5月","00000","全国","127080000","","3.4","","116.4","","","","",""
"2015年6月","00000","全国","127109000","","3.4","","117.2","","","","",""
"2015年7月","00000","全国","127141000","","3.4","","117.0","","","","",""
"2015年8月","00000","全国","127128000","","3.4","","116.1","","","","",""
"2015年9月","00000","全国","127065000","","3.4","","117.0","","","","",""
"2015年10月","00000","全国","127094745","総務省統計局「国勢調査」による。","3.1","","116.7","","","","",""
"2015年11月","00000","全国","127104000","","3.2","","116.0","","","","",""
"2015年12月","00000","全国","127106000","","3.1","","115.1","","","","",""
"2016年1月","00000","全国","127053000","","3.2","","116.5","","","","",""
"2016年2月","00000","全国","127050000","","3.2","","115.4","","","","",""
"2016年3月","00000","全国","126992000","","3.3","","115.7","","","","",""
"2016年4月","00000","全国","127029000","","3.4","","115.4","","","","",""
"2016年5月","00000","全国","126988000","","3.2","","115.1","","","","",""
"2016年6月","00000","全国","127042000","","3.1","","115.4","","","","",""
"2016年7月","00000","全国","127076000","","3.0","","115.9","","","","",""
"2016年8月","00000","全国","127067000","","3.2","","116.2","","","","",""
"2016年9月","00000","全国","127002000","","3.0","","116.7","","","","",""
"2016年10月","00000","全国","127042000","","2.9","","117.4","","","","",""
"2016年11月","00000","全国","127055000","","3.0","","119.1","","","","",""
"2016年12月","00000","全国","127044000","","2.9","","119.2","","","","",""
"2017年1月","00000","全国","126955000","","3.0","","118.7","","","","",""
"2017年2月","00000","全国","126933000","","2.8","","119.4","","","","",""
"2017年3月","00000","全国","126906000","","2.8","","119.5","","","","",""
"2017年4月","00000","全国","126920000","","2.9","","120.7","","","","",""
"2017年5月","00000","全国","126893000","","3.1","","120.6","","","","",""
"2017年6月","00000","全国","126943000","","2.8","","121.1","","","","",""
"2017年7月","00000","全国","126972000","","2.8","","120.4","","","","",""
"2017年8月","00000","全国","126949000","","2.8","","122.0","","","","",""
"2017年9月","00000","全国","126881000","","2.8","","121.0","","","","",""
"2017年10月","00000","全国","126919000","","2.7","","121.2","","","","",""
"2017年11月","00000","全国","126934000","","2.6","","122.8","","","","",""
"2017年12月","00000","全国","126922000","","2.6","","124.2","","","","",""
"2018年1月","00000","全国","126825000","","2.4","","122.3","","","","",""
"2018年2月","00000","全国","126851000","","2.5","","122.0","","","","",""
"2018年3月","00000","全国","126743000","","2.5","","122.4","","","","",""
"2018年4月","00000","全国","126760000","","2.6","","122.8","","","","",""
"2018年5月","00000","全国","126732000","","2.3","","122.7","","","","",""
"2018年6月","00000","全国","126783000","","2.5","","122.3","","","","",""
"2018年7月","00000","全国","126811000","","2.5","","121.6","","","","",""
"2018年8月","00000","全国","126785000","","2.5","","121.9","","","","",""
"2018年9月","00000","全国","126714000","","2.4","","119.8","","","","",""
"2018年10月","00000","全国","126749000","","2.4","","121.7","","","","",""
"2018年11月","00000","全国","126765000","","2.4","","119.9","","","","",""
"2018年12月","00000","全国","126753000","","2.3","","119.0","","","","",""
"2019年1月","00000","全国","126641000","","2.4","","117.4","","","","",""
"2019年2月","00000","全国","126642000","","2.3","","119.5","","","","",""
"2019年3月","00000","全国","126587000","","2.5","","119.3","","","","",""
"2019年4月","00000","全国","126600000","","2.6","","118.7","","","","",""
"2019年5月","00000","全国","126534000","","2.4","","119.0","","","","",""
"2019年6月","00000","全国","126612000","","2.3","","116.5","","","","",""
"2019年7月","00000","全国","126633000","","2.3","","116.5","","","","",""
"2019年8月","00000","全国","126593000","","2.3","","116.1","","","","",""
"2019年9月","00000","全国","126513000","","2.4","","117.5","","","","",""
"2019年10月","00000","全国","126555000","","2.4","","112.2","","","","",""
"2019年11月","00000","全国","126553000","","2.2","","111.5","","","","",""
"2019年12月","00000","全国","126540000","","2.1","","111.5","","","","",""
"2020年1月","00000","全国","126387000","","2.3","","110.4","","","","",""
"2020年2月","00000","全国","126409000","","2.3","","108.8","","","","",""
"2020年3月","00000","全国","126370000","","2.6","","106.1","","","","",""
"2020年4月","00000","全国","126342000","","2.8","","94.4","","","","",""
"2020年5月","00000","全国","126310000","","2.9","","87.1","","","","",""
"2020年6月","00000","全国","126279000","","2.8","","89.9","","","","",""
"2020年7月","00000","全国","126261000","","2.9","","95.2","","","","",""
"2020年8月","00000","全国","126239000","","3.0","","96.8","","","","",""
"2020年9月","00000","全国","126187000","","3.0","","99.6","","","","",""
"2020年10月","00000","全国","126146099","総務省統計局「国勢調査」による。","3.1","","103.5","","","","",""
"2020年11月","00000","全国","126106000","","2.8","","104.0","","","","",""
"2020年12月","00000","全国","126088000","","2.8","","104.1","","","","",""
"2021年1月","00000","全国","126068000","","2.9","","106.9","","","","",""
"2021年2月","00000","全国","125990000","","2.8","","106.3","","","","",""
"2021年3月","00000","全国","125917000","","2.7","","108.9","","","","",""
"2021年4月","00000","全国","125855000","","3.0","","111.1","","","","",""
"2021年5月","00000","全国","125777000","","3.1","","109.6","","","","",""
"2021年6月","00000","全国","125722000","","3.0","","110.1","","","","",""
"2021年7月","00000","全国","125682000","","2.8","","109.6","","","","",""
"2021年8月","00000","全国","125633000","","2.8","","107.0","","","","",""
"2021年9月","00000","全国","125559000","","2.8","","105.0","","","","",""
"2021年10月","00000","全国","125502000","","2.7","","106.9","","","","",""
"2021年11月","00000","全国","125443000","","2.7","","111.6","","","","",""
"2021年12月","00000","全国","125380000","","2.5","","111.5","","","","",""
"2022年1月","00000","全国","125309000","","2.7","","111.1","","","","",""
"2022年2月","00000","全国","125194000","","2.6","","111.8","","","","",""
"2022年3月","00000","全国","125103000","","2.6","","112.1","","","","",""
"2022年4月","00000","全国","125071000","","2.7","","112.2","","","","",""
"2022年5月","00000","全国","125072000","","2.8","","111.6","","","","",""
"2022年6月","00000","全国","125104000","","2.7","","113.3","","","","",""
"2022年7月","00000","全国","125125000","","2.5","","113.8","","","","",""
"2022年8月","00000","全国","125082000","","2.6","","115.0","","","","",""
"2022年9月","00000","全国","124971000","","2.7","","114.5","","","","",""
"2022年10月","00000","全国","124947000","","2.6","","113.9","","","","",""
"2022年11月","00000","全国","124913000","","2.4","","113.9","","","","",""
"2022年12月","00000","全国","124861000","","2.3","","113.3","","","","",""
"2023年1月","00000","全国","124752000","","2.4","","112.9","","","","",""
"2023年2月","00000","全国","124631000","","2.5","","114.6","","","","",""
"2023年3月","00000","全国","124567000","","2.8","","114.7","","","","",""
"2023年4月","00000","全国","124554000","","2.7","","114.7","","","","",""
"2023年5月","00000","全国","124477000","","2.7","","115.3","","","","",""
"2023年6月","00000","全国","124511000","","2.6","","115.2","","","","",""
"2023年7月","00000","全国","124517000","","2.6","","115.0","","","","",""
"2023年8月","00000","全国","124439000","","2.7","","115.2","","","","",""
"2023年9月","00000","全国","124348000","","2.6","","115.6","","","","",""
"2023年10月","00000","全国","124352000","","2.5","","115.6","","","","",""
"2023年11月","00000","全国","124342000","","2.4","","114.8","","","","",""
"2023年12月","00000","全国","124299000","","2.3","","115.9","","","","",""
"2024年1月","00000","全国","124143000","","2.4","","112.9","","","","",""
"2024年2月","00000","全国","124105000","","2.6","","112.7","","","","",""
"2024年3月","00000","全国","124003000","","2.7","","113.8","","","","",""
"2024年4月","00000","全国","124002000","","2.8","","114.6","","","","",""
"2024年5月","00000","全国","123941000","","2.8","","115.6","","","","",""
"2024年6月","00000","全国","123979000","","2.6","","114.6","","","","",""
"2024年7月","00000","全国","123975000","","2.7","","115.6","","","","",""
"2024年8月","00000","全国","123887000","","2.5","","113.9","","","","",""
"2024年9月","00000","全国","123779000","","2.5","","114.2","","","","",""
"2024年10月","00000","全国","123802000","","2.4","","115.7","","","","",""
"2024年11月","00000","全国","123784000","","2.4","","115.2","","","","",""
"2024年12月","00000","全国","123744000","","2.2","","116.3","","","","",""
"2025年1月","00000","全国","123552000","","2.3","","116.3","","","","",""
"2025年2月","00000","全国","123441000","","2.4","","117.0","","","","",""
"2025年3月","00000","全国","123420000","","2.6","","115.8","","","","",""
"2025年4月","00000","全国","123397000","","2.7","","115.7","","","","",""
"2025年5月","00000","全国","123342000","","2.6","","115.5","","","","",""
"2025年6月","00000","全国","123371000","","2.5","","115.9","","","","",""
"2025年7月","00000","全国","123367000","","2.4","","114.3","","","","",""
"2025年8月","00000","全国","123268000","","2.6","","113.2","","","","",""
"2025年9月","00000","全国","123192000","","2.6","","114.9","","","","",""
"2025年10月","00000","全国","123210000","速報","2.6","","115.9","","","","",""
"2025年11月","00000","全国","123190000","速報","2.4","","114.9","","","","",""
"2025年12月","00000","全国","123160000","速報","2.4","","114.3","","","","",""
"2026年1月","00000","全国","122950000","速報","2.6","","","","","","",""
"2026年2月","00000","全国","122860000","速報","","","","","","","",""
"2000年1-3月期","00000","全国","","","4.9","","","","132573.5","","",""
"2000年4-6月期","00000","全国","","","4.9","","","","133854.6","","",""
"2000年7-9月期","00000","全国","","","4.6","","","","132862.8","","",""
"2000年10-12月期","00000","全国","","","4.5","","","","144103.9","","",""
"2001年1-3月期","00000","全国","","","4.9","","","","135023.2","","",""
"2001年4-6月期","00000","全国","","","5.1","","","","133524.5","","",""
"2001年7-9月期","00000","全国","","","5.0","","","","130820.5","","",""
"2001年10-12月期","00000","全国","","","5.1","","","","140073.4","","",""
"2002年1-3月期","00000","全国","","","5.4","","","","130980.3","","",""
"2002年4-6月期","00000","全国","","","5.5","","","","131306.6","","",""
"2002年7-9月期","00000","全国","","","5.3","","","","130210.3","","",""
"2002年10-12月期","00000","全国","","","5.2","","","","139893.6","","",""
"2003年1-3月期","00000","全国","","","5.5","","","","129136.8","","",""
"2003年4-6月期","00000","全国","","","5.5","","","","131291.2","","",""
"2003年7-9月期","00000","全国","","","5.1","","","","129917.7","","",""
"2003年10-12月期","00000","全国","","","4.9","","","","139866.1","","",""
"2004年1-3月期","00000","全国","","","5.0","","","","131336.1","","",""
"2004年4-6月期","00000","全国","","","4.8","","","","131832.3","","",""
"2004年7-9月期","00000","全国","","","4.7","","","","131156.6","","",""
"2004年10-12月期","00000","全国","","","4.4","","","","140309.1","","",""
"2005年1-3月期","00000","全国","","","4.7","","","","131305.2","","",""
"2005年4-6月期","00000","全国","","","4.5","","","","132522.9","","",""
"2005年7-9月期","00000","全国","","","4.3","","","","131813.7","","",""
"2005年10-12月期","00000","全国","","","4.3","","","","141743.5","","",""
"2006年1-3月期","00000","全国","","","4.4","","","","132792.4","","",""
"2006年4-6月期","00000","全国","","","4.2","","","","132758.5","","",""
"2006年7-9月期","00000","全国","","","4.1","","","","131558.4","","",""
"2006年10-12月期","00000","全国","","","3.9","","","","143456.7","","",""
"2007年1-3月期","00000","全国","","","4.1","","","","135042.1","","",""
"2007年4-6月期","00000","全国","","","3.8","","","","134618.9","","",""
"2007年7-9月期","00000","全国","","","3.7","","","","132391.6","","",""
"2007年10-12月期","00000","全国","","","3.7","","","","142518.4","","",""
"2008年1-3月期","00000","全国","","","4.0","","","","134287.1","","",""
"2008年4-6月期","00000","全国","","","4.0","","","","132307.0","","",""
"2008年7-9月期","00000","全国","","","4.0","","","","129432.5","","",""
"2008年10-12月期","00000","全国","","","3.9","","","","137328.9","","",""
"2009年1-3月期","00000","全国","","","4.6","","","","123403.4","","",""
"2009年4-6月期","00000","全国","","","5.2","","","","123545.6","","",""
"2009年7-9月期","00000","全国","","","5.4","","","","121129.1","","",""
"2009年10-12月期","00000","全国","","","5.0","","","","131283.6","","",""
"2010年1-3月期","00000","全国","","","5.1","","","","124883.7","","",""
"2010年4-6月期","00000","全国","","","5.3","","","","125529.7","","",""
"2010年7-9月期","00000","全国","","","5.1","","","","126336.1","","",""
"2010年10-12月期","00000","全国","","","4.8","","","","133390.0","","",""
"2011年1-3月期","00000","全国","","","4.8","東日本大震災の影響により全国集計結果が存在しないため、補完推計値を用いた。","","","123923.5","","",""
"2011年4-6月期","00000","全国","","","4.8","東日本大震災の影響により全国集計結果が存在しないため、補完推計値を用いた。","","","121844.7","","",""
"2011年7-9月期","00000","全国","","","4.5","東日本大震災の影響により全国集計結果が存在しないため、補完推計値を用いた。","","","123628.4","","",""
"2011年10-12月期","00000","全国","","","4.3","","","","131745.4","","",""
"2012年1-3月期","00000","全国","","","4.5","","","","126986.1","","",""
"2012年4-6月期","00000","全国","","","4.6","","","","124452.7","","",""
"2012年7-9月期","00000","全国","","","4.3","","","","123009.4","","",""
"2012年10-12月期","00000","全国","","","4.0","","","","130928.8","","",""
"2013年1-3月期","00000","全国","","","4.3","","","","126147.4","","",""
"2013年4-6月期","00000","全国","","","4.2","","","","126462.1","","",""
"2013年7-9月期","00000","全国","","","4.0","","","","126850.4","","",""
"2013年10-12月期","00000","全国","","","3.7","","","","135093.4","","",""
"2014年1-3月期","00000","全国","","","3.7","","","","130748.3","","",""
"2014年4-6月期","00000","全国","","","3.7","","","","129810.7","","",""
"2014年7-9月期","00000","全国","","","3.6","","","","129007.6","","",""
"2014年10-12月期","00000","全国","","","3.3","","","","138649.1","","",""
"2015年1-3月期","00000","全国","","","3.5","","","","136278.8","","",""
"2015年4-6月期","00000","全国","","","3.4","","","","135067.6","","",""
"2015年7-9月期","00000","全国","","","3.4","","","","134446.8","","",""
"2015年10-12月期","00000","全国","","","3.1","","","","143073.4","","",""
"2016年1-3月期","00000","全国","","","3.2","","","","139357.0","","",""
"2016年4-6月期","00000","全国","","","3.3","","","","136575.5","","",""
"2016年7-9月期","00000","全国","","","3.1","","","","135354.1","","",""
"2016年10-12月期","00000","全国","","","2.9","","","","144684.0","","",""
"2017年1-3月期","00000","全国","","","2.9","","","","139659.8","","",""
"2017年4-6月期","00000","全国","","","3.0","","","","138181.3","","",""
"2017年7-9月期","00000","全国","","","2.8","","","","138866.8","","",""
"2017年10-12月期","00000","全国","","","2.6","","","","148411.1","","",""
"2018年1-3月期","00000","全国","","","2.5","","","","142208.9","","",""
"2018年4-6月期","00000","全国","","","2.5","","","","140452.1","","",""
"2018年7-9月期","00000","全国","","","2.5","","","","138349.0","","",""
"2018年10-12月期","00000","全国","","","2.4","","","","148143.4","","",""
"2019年1-3月期","00000","全国","","","2.4","","","","142999.8","","",""
"2019年4-6月期","00000","全国","","","2.4","","","","141313.6","","",""
"2019年7-9月期","00000","全国","","","2.3","","","","140248.1","","",""
"2019年10-12月期","00000","全国","","","2.2","","","","147276.5","","",""
"2020年1-3月期","00000","全国","","","2.4","","","","141780.7","","",""
"2020年4-6月期","00000","全国","","","2.8","","","","130175.3","","",""
"2020年7-9月期","00000","全国","","","3.0","","","","135033.5","","",""
"2020年10-12月期","00000","全国","","","2.9","","","","147084.8","","",""
"2021年1-3月期","00000","全国","","","2.8","","","","142048.7","","",""
"2021年4-6月期","00000","全国","","","3.0","","","","140970.7","","",""
"2021年7-9月期","00000","全国","","","2.8","","","","139641.6","","",""
"2021年10-12月期","00000","全国","","","2.6","","","","150907.8","","",""
"2022年1-3月期","00000","全国","","","2.7","","","","145033.9","","",""
"2022年4-6月期","00000","全国","","","2.7","","","","143711.0","","",""
"2022年7-9月期","00000","全国","","","2.6","","","","141719.4","","",""
"2022年10-12月期","00000","全国","","","2.4","","","","154436.3","","",""
"2023年1-3月期","00000","全国","","","2.6","","","","151784.6","","",""
"2023年4-6月期","00000","全国","","","2.7","","","","151771.6","","",""
"2023年7-9月期","00000","全国","","","2.6","","","","150454.6","","",""
"2023年10-12月期","00000","全国","","","2.4","","","","162022.1","","",""
"2024年1-3月期","00000","全国","","","2.5","","","","155136.9","","",""
"2024年4-6月期","00000","全国","","","2.7","","","","155357.6","","",""
"2024年7-9月期","00000","全国","","","2.6","","","","155722.2","","",""
"2024年10-12月期","00000","全国","","","2.3","","","","168009.3","","",""
"2025年1-3月期","00000","全国","","","2.4","","","","163302.1","","",""
"2025年4-6月期","00000","全国","","","2.6","","","","163651.8","","",""
"2025年7-9月期","00000","全国","","","2.5","","","","162035.9","","",""
"2025年10-12月期","00000","全国","","","2.5","","","","173798.7","","",""
"2000年","00000","全国","126925843","総務省統計局「国勢調査」による。","4.7","","","","543394.8","","",""
"2000年","45000","宮崎県","1170007","","","","","","","","",""
"2000年","46000","鹿児島県","1786194","","","","","","","","",""
"2000年","45201","宮崎市","305755","","","","","","","","",""
"2000年","46201","鹿児島市","552098","","","","","","","","",""
"2001年","00000","全国","127316000","","5.0","","","","539441.6","","",""
"2001年","45000","宮崎県","1168000","","","","","","","","",""
"2001年","46000","鹿児島県","1782000","","","","","","","","",""
"2002年","00000","全国","127486000","","5.4","","","","532390.8","","",""
"2002年","45000","宮崎県","1165000","","","","","","","","",""
"2002年","46000","鹿児島県","1776000","","","","","","","","",""
"2003年","00000","全国","127694000","","5.3","","","","530211.8","","",""
"2003年","45000","宮崎県","1162000","","","","","","","","",""
"2003年","46000","鹿児島県","1770000","","","","","","","","",""
"2004年","00000","全国","127787000","","4.7","","","","534634.1","","",""
"2004年","45000","宮崎県","1159000","","","","","","","","",""
"2004年","46000","鹿児島県","1763000","","","","","","","","",""
"2005年","00000","全国","127767994","総務省統計局「国勢調査」による。","4.4","","","","537385.2","","",""
"2005年","45000","宮崎県","1153042","","","","","","","","",""
"2005年","46000","鹿児島県","1753179","","","","","","","","",""
"2005年","45201","宮崎市","310123","","","","","","","","",""
"2005年","46201","鹿児島市","604367","","","","","","","","",""
"2006年","00000","全国","127901000","","4.1","","","","540566.0","","",""
"2006年","45000","宮崎県","1150000","","","","","","","","",""
"2006年","46000","鹿児島県","1744000","","","","","","","","",""
"2007年","00000","全国","128033000","","3.9","","","","544571.1","","",""
"2007年","45000","宮崎県","1146000","","","","","","","","",""
"2007年","46000","鹿児島県","1733000","","","","","","","","",""
"2008年","00000","全国","128084000","","4.0","","","","533355.4","","",""
"2008年","45000","宮崎県","1141000","","","","","","","","",""
"2008年","46000","鹿児島県","1721000","","","","","","","","",""
"2009年","00000","全国","128032000","","5.1","","","","499361.7","","",""
"2009年","45000","宮崎県","1138000","","","","","","","","",""
"2009年","46000","鹿児島県","1712000","","","","","","","","",""
"2010年","00000","全国","128057352","総務省統計局「国勢調査」による。","5.1","","","","510139.6","","",""
"2010年","45000","宮崎県","1135233","","","","","","","","",""
"2010年","46000","鹿児島県","1706242","","","","","","","","",""
"2010年","45201","宮崎市","400583","","","","","","","","",""
"2010年","46201","鹿児島市","605846","","","","","","","","",""
"2011年","00000","全国","127834000","","4.6","東日本大震災の影響により全国集計結果が存在しないため、補完推計値を用いた。","","","501142.0","","",""
"2011年","45000","宮崎県","1130000","","","","","","","","",""
"2011年","46000","鹿児島県","1697000","","","","","","","","",""
"2012年","00000","全国","127593000","","4.3","","","","505377.1","","",""
"2012年","45000","宮崎県","1125000","","","","","","","","",""
"2012年","46000","鹿児島県","1687000","","","","","","","","",""
"2013年","00000","全国","127414000","","4.0","","","","514553.3","","",""
"2013年","45000","宮崎県","1119000","","","","","","","","",""
"2013年","46000","鹿児島県","1675000","","","","","","","","",""
"2014年","00000","全国","127237000","","3.6","","","","528215.6","","",""
"2014年","45000","宮崎県","1112000","","","","","","","","",""
"2014年","46000","鹿児島県","1662000","","","","","","","","",""
"2015年","00000","全国","127094745","総務省統計局「国勢調査」による。","3.4","","","","548866.7","","",""
"2015年","45000","宮崎県","1104069","","","","","","","","",""
"2015年","46000","鹿児島県","1648177","","","","","","","","",""
"2015年","45201","宮崎市","401138","","","","","","","","",""
"2015年","46201","鹿児島市","599814","","","","","","","","",""
"2016年","00000","全国","127042000","","3.1","","","","555970.6","","",""
"2016年","45000","宮崎県","1097000","","","","","","","","",""
"2016年","46000","鹿児島県","1637000","","","","","","","","",""
"2017年","00000","全国","126919000","","2.8","","","","565119.0","","",""
"2017年","45000","宮崎県","1091000","","","","","","","","",""
"2017年","46000","鹿児島県","1626000","","","","","","","","",""
"2018年","00000","全国","126749000","","2.4","","","","569153.5","","",""
"2018年","45000","宮崎県","1084000","","","","","","","","",""
"2018年","46000","鹿児島県","1614000","","","","","","","","",""
"2019年","00000","全国","126555000","","2.4","","","","571838.0","","",""
"2019年","45000","宮崎県","1077000","","","","","","","","",""
"2019年","46000","鹿児島県","1602000","","","","","","","","",""
"2020年","00000","全国","126146099","総務省統計局「国勢調査」による。","2.8","","","","554074.4","","",""
"2020年","45000","宮崎県","1069576","","","","","","","","",""
"2020年","46000","鹿児島県","1588256","","","","","","","","",""
"2020年","45201","宮崎市","401339","","","","","","","","",""
"2020年","46201","鹿児島市","593128","","","","","","","","",""
"2021年","00000","全国","125502000","","2.8","","","","573568.8","","",""
"2021年","45000","宮崎県","1061000","","","","","","","","",""
"2021年","46000","鹿児島県","1576000","","","","","","","","",""
"2022年","00000","全国","124947000","","2.6","","","","584900.6","","",""
"2022年","45000","宮崎県","1052000","","","","","","","","",""
"2022年","46000","鹿児島県","1563000","","","","","","","","",""
"2023年","00000","全国","124352000","","2.6","","","","616033.0","","",""
"2023年","45000","宮崎県","1042000","","","","","","","","",""
"2023年","46000","鹿児島県","1549000","","","","","","","","",""
"2024年","00000","全国","123802000","","2.5","","","","634226.0","","",""
"2024年","45000","宮崎県","1033000","","","","","","","","",""
"2024年","46000","鹿児島県","1532000","","","","","","","","",""
"2025年","00000","全国","123210000","速報","2.5","","","","662788.5","","",""
"2000年度","00000","全国","","","4.7","","","","545844.5","","",""
"2001年度","00000","全国","","","5.2","","","","535398.7","","",""
"2002年度","00000","全国","","","5.4","","","","530547.3","","",""
"2003年度","00000","全国","","","5.1","","","","532411.1","","",""
"2004年度","00000","全国","","","4.6","","","","534603.2","","",""
"2005年度","00000","全国","","","4.3","","","","538872.4","","",""
"2006年度","00000","全国","","","4.1","","","","542815.7","","",""
"2007年度","00000","全国","","","3.8","","","","543816.0","","",""
"2008年度","00000","全国","","","4.1","","","","522471.7","","",""
"2009年度","00000","全国","","","5.2","","","","500842.0","","",""
"2010年度","00000","全国","","","4.9","","","","509179.4","","",""
"2011年度","00000","全国","","","4.5","","","","504204.7","","524051006",""
"2011年度","45000","宮崎県","","","","","","","","","3383349",""
"2011年度","46000","鹿児島県","","","","","","","","","5230993",""
"2012年度","00000","全国","","","4.3","","","","504538.3","","522584311",""
"2012年度","45000","宮崎県","","","","","","","","","3377202",""
"2012年度","46000","鹿児島県","","","","","","","","","5220893",""
"2013年度","00000","全国","","","3.9","","","","519154.2","","536779601",""
"2013年度","45000","宮崎県","","","","","","","","","3490322",""
"2013年度","46000","鹿児島県","","","","","","","","","5350651",""
"2014年度","00000","全国","","","3.5","","","","533746.1","","542351387",""
"2014年度","45000","宮崎県","","","","","","","","","3525378",""
"2014年度","46000","鹿児島県","","","","","","","","","5381561",""
"2015年度","00000","全国","","","3.3","","","","551944.9","","563305394",""
"2015年度","45000","宮崎県","","","","","","","","","3654255",""
"2015年度","46000","鹿児島県","","","","","","","","","5607350",""
"2016年度","00000","全国","","","3.0","","","","556273.3","","567118499",""
"2016年度","45000","宮崎県","","","","","","","","","3708007",""
"2016年度","46000","鹿児島県","","","","","","","","","5678168",""
"2017年度","00000","全国","","","2.7","","","","567668.1","","581105205",""
"2017年度","45000","宮崎県","","","","","","","","","3806420",""
"2017年度","46000","鹿児島県","","","","","","","","","5966545",""
"2018年度","00000","全国","","","2.4","","","","569944.4","","585085282",""
"2018年度","45000","宮崎県","","","","","","","","","3804467",""
"2018年度","46000","鹿児島県","","","","","","","","","5871013",""
"2019年度","00000","全国","","","2.3","","","","570618.9","","579224181",""
"2019年度","45000","宮崎県","","","","","","","","","3741863",""
"2019年度","46000","鹿児島県","","","","","","","","","5795558",""
"2020年度","00000","全国","","","2.9","","","","554342.3","","559579236",""
"2020年度","45000","宮崎県","","","","","","","","","3625567",""
"2020年度","46000","鹿児島県","","","","","","","","","5596336",""
"2021年度","00000","全国","","","2.8","","","","576554.0","","579100132",""
"2021年度","45000","宮崎県","","","","","","","","","3717528",""
"2021年度","46000","鹿児島県","","","","","","","","","5948854",""
"2022年度","00000","全国","","","2.6","","","","591651.3","","595788788",""
"2022年度","45000","宮崎県","","","","","","","","","3766949",""
"2022年度","46000","鹿児島県","","","","","","","","","6048596",""
"2023年度","00000","全国","","","2.6","","","","619385.3","","",""
"2024年度","00000","全国","","","2.5","","","","642391.2","","",""
